{"cameraMode":{"drawMode":0,"name":"Shaded","section":"Shading Mode"},"sceneLighting":false,"audioPlay":false,"sceneViewState":{"m_AlwaysRefresh":false,"showFog":false,"showSkybox":false,"showFlares":false,"showImageEffects":false,"showParticleSystems":false,"showVisualEffectGraphs":true,"m_FxEnabled":false},"in2DMode":false,"pivot":{"x":0.0015147030353546143,"y":0.7662348747253418,"z":0.12175732851028443},"rotation":{"x":-0.20934438705444337,"y":0.7517426013946533,"z":-0.28193700313568118,"w":-0.5581868886947632},"size":0.8787453174591065,"orthographic":false}