{"cameraMode":{"drawMode":0,"name":"Shaded","section":"Shading Mode"},"sceneLighting":true,"audioPlay":false,"sceneViewState":{"m_AlwaysRefresh":false,"showFog":true,"showSkybox":true,"showFlares":true,"showImageEffects":true,"showParticleSystems":true,"showVisualEffectGraphs":true,"m_FxEnabled":false},"in2DMode":false,"pivot":{"x":-12.281847953796387,"y":3.884665012359619,"z":-10.559144020080567},"rotation":{"x":0.006291899364441633,"y":0.9911446571350098,"z":-0.12252935022115708,"w":0.05090506747364998},"size":21.4686279296875,"orthographic":false}